id,interval,timestamp,price,volume_24h,fetch_latency_ms
0,2026-02-01T08:01:04.465816Z,78345.2607125822,4512728987.74085,494.86
0,2026-02-01T08:01:05.484533Z,78342.2168497337,4512728870.46701,498.44
0,2026-02-01T08:01:06.499215Z,78342.2168497337,4512728870.46701,501.11
0,2026-02-01T08:01:07.512395Z,78361.23781977,4512905511.96462,501.74
0,2026-02-01T08:01:08.534488Z,78341.4670063142,4512771319.49546,506.65
0,2026-02-01T08:01:09.545164Z,78345.1234852242,4512748896.09255,505.35
0,2026-02-01T08:01:10.552448Z,78338.8375980986,4512844436.28894,499.05
0,2026-02-01T08:01:11.587497Z,78343.9363912738,4512870640.13082,522.14
0,2026-02-01T08:01:12.573865Z,78362.7240165295,4512917907.95665,495.38
0,2026-02-01T08:01:13.599940Z,78370.904427998,4512932521.39426,509.2
0,2026-02-01T08:01:14.616078Z,78361.23781977,4512905511.96462,514.24
0,2026-02-01T08:01:15.631772Z,78376.6278502257,4513168111.34525,520.38
0,2026-02-01T08:01:16.686392Z,78343.4142266634,4512878533.35766,564.16
0,2026-02-01T08:01:17.676427Z,78339.0061296417,4512825985.31197,544.36
0,2026-02-01T08:01:18.666570Z,78376.6651756096,4513090455.02619,521.57
0,2026-02-01T08:01:19.667711Z,78376.6224667392,4513168361.59353,506.6
0,2026-02-01T08:01:20.709406Z,78373.1691410431,4513205812.37003,535.24
0,2026-02-01T08:01:21.699175Z,78366.2375177537,4513333024.93689,510.5
0,2026-02-01T08:01:22.699594Z,78368.5176841797,4512930958.85798,496.08
0,2026-02-01T08:01:24.173650Z,78367.2771608396,4513068940.86956,961.05
0,2026-02-01T08:01:24.724614Z,78363.6086392951,4513339466.33231,498.09
0,2026-02-01T08:01:25.723194Z,78374.3629347577,4513469497.02371,495.64
0,2026-02-01T08:01:26.740254Z,78373.7020102101,4513220661.2705,505.36
0,2026-02-01T08:01:27.767830Z,78373.1691410431,4513205812.37003,517.48
0,2026-02-01T08:01:28.777697Z,78360.4860752015,4513388499.38116,513.61
0,2026-02-01T08:01:29.766284Z,78365.6211646953,4513443145.03733,491.07
0,2026-02-01T08:01:30.786718Z,78366.4334834083,4513457778.33775,492.29
0,2026-02-01T08:01:32.988578Z,78368.9804855483,4513547902.43319,1688.82
0,2026-02-01T08:01:33.512736Z,78371.4594412457,4513565478.88635,523.16
0,2026-02-01T08:01:35.214836Z,78370.2060947931,4513560398.06259,1209.53
0,2026-02-01T08:01:35.709417Z,78365.4521273055,4513540598.27909,485.61
0,2026-02-01T08:01:36.742130Z,78367.80343458,4513457820.02255,504.0
0,2026-02-01T08:01:37.801861Z,78364.9309098622,4513537871.96096,552.02
0,2026-02-01T08:01:38.758710Z,78370.2060947931,4513560398.06259,506.65
0,2026-02-01T08:01:39.751331Z,78371.4276898777,4513585863.10493,493.92
0,2026-02-01T08:01:40.761145Z,78364.9063977285,4513538661.90768,498.66
0,2026-02-01T08:01:41.784345Z,78370.1411669731,4513586057.45345,517.62
0,2026-02-01T08:01:42.806588Z,78369.8030066899,4513586842.47345,522.02
0,2026-02-01T08:01:43.795045Z,78372.883550643,4513615971.33703,500.95
0,2026-02-01T08:01:44.815599Z,78369.8030066899,4513586842.47345,509.78
0,2026-02-01T08:01:46.850130Z,78372.4071713157,4513617101.79737,1543.02
0,2026-02-01T08:01:47.355913Z,78381.9581840694,4514142768.57561,503.79
0,2026-02-01T08:01:48.370118Z,78372.4071594858,4513622277.94663,502.4
0,2026-02-01T08:01:49.392055Z,78390.7620025671,4514097665.67546,512.5
0,2026-02-01T08:01:50.420098Z,78390.7620026304,4514097651.01532,529.82
0,2026-02-01T08:01:51.422643Z,78372.4071590725,4513622458.77432,519.32
0,2026-02-01T08:01:52.510992Z,78383.4383713078,4514142889.26679,598.28
0,2026-02-01T08:01:53.434647Z,78390.7620025198,4514097680.52545,509.6
0,2026-02-01T08:01:54.425344Z,78391.6622735307,4514150150.40878,489.73
0,2026-02-01T08:01:55.435585Z,78383.4383713078,4514142889.26679,497.73
0,2026-02-01T08:01:57.237680Z,78381.9581840694,4514142768.57561,1285.46
0,2026-02-01T08:01:57.733946Z,78387.2205827929,4514149964.09031,494.27
0,2026-02-01T08:01:58.745860Z,78399.9041498477,4514173992.6968,498.93
0,2026-02-01T08:01:59.752017Z,78428.2241417344,4514428706.2785,501.61
0,2026-02-01T08:02:00.834850Z,78419.165918931,4514258694.67287,567.65
0,2026-02-01T08:02:01.771674Z,78419.165918931,4514258694.67287,496.38
0,2026-02-01T08:02:02.794543Z,78425.3724666087,4514491645.88437,504.32
0,2026-02-01T08:02:03.788167Z,78416.3312563395,4514594784.03716,488.08
0,2026-02-01T08:02:04.814036Z,78412.7815123381,4514236718.68387,500.74
0,2026-02-01T08:02:05.822339Z,78428.2241417344,4514428706.2785,493.68
0,2026-02-01T08:02:06.846736Z,78428.2241398357,4514429679.32428,504.22
0,2026-02-01T08:02:08.115760Z,78419.1274613166,4514257147.01557,763.15
0,2026-02-01T08:02:08.869285Z,78395.9729135848,4514775154.63886,506.93
0,2026-02-01T08:02:09.881535Z,78415.0192338894,4514699119.83926,510.06
0,2026-02-01T08:02:10.886019Z,78428.2241417344,4514428706.2785,497.03
0,2026-02-01T08:02:11.888290Z,78410.7917238593,4514656584.56258,492.68
0,2026-02-01T08:02:12.916097Z,78428.2241417344,4514428706.2785,505.51
0,2026-02-01T08:02:13.976589Z,78410.5277596976,4514721983.96291,554.13
0,2026-02-01T08:02:14.930825Z,78410.5277596976,4514721983.96291,494.74
0,2026-02-01T08:02:15.986112Z,78395.9729135849,4514775154.61534,535.63
0,2026-02-01T08:02:16.985185Z,78389.0887342378,4514996730.17033,523.81
0,2026-02-01T08:02:17.975388Z,78409.4620135156,4514721986.43383,503.14
0,2026-02-01T08:02:18.988178Z,78395.236729516,4515065195.76786,513.59
0,2026-02-01T08:02:19.989406Z,78393.716528516,4514985359.08522,503.32
0,2026-02-01T08:02:21.010968Z,78390.3051422819,4514996370.15294,512.09
0,2026-02-01T08:02:22.012919Z,78395.9729147742,4514774814.63552,512.76
0,2026-02-01T08:02:23.006234Z,78396.5817991772,4515065791.36844,498.02
0,2026-02-01T08:02:24.014713Z,78389.0887342378,4514996730.17033,494.62
0,2026-02-01T08:02:25.042137Z,78391.6162066598,4514884647.40283,519.39
0,2026-02-01T08:02:26.372155Z,78390.3051422819,4514996370.15294,838.35
0,2026-02-01T08:02:27.058754Z,78396.4126829218,4515065805.44726,518.12
0,2026-02-01T08:02:28.052064Z,78395.2367319986,4515064411.95786,497.91
0,2026-02-01T08:02:29.056734Z,78381.3424000033,4515245214.627,490.34
0,2026-02-01T08:02:30.068068Z,78388.8978994194,4515118868.5945,489.17
0,2026-02-01T08:02:31.084467Z,78389.8370259679,4515323893.55067,495.34
0,2026-02-01T08:02:32.118820Z,78395.236729516,4515065195.76786,517.65
0,2026-02-01T08:02:33.130856Z,78396.5817989594,4515065467.38992,517.98
0,2026-02-01T08:02:34.844890Z,78398.4204571602,4515329254.32794,1217.36
0,2026-02-01T08:02:35.351391Z,78389.8472913266,4515323778.55118,506.5
0,2026-02-01T08:02:36.339585Z,78389.1690052165,4515322210.99118,482.48
0,2026-02-01T08:02:37.363975Z,78404.8177799571,4515373028.78536,494.49
0,2026-02-01T08:02:38.386093Z,78389.1690362294,4515313589.96118,501.52
0,2026-02-01T08:02:39.411586Z,78397.7746023784,4515328018.08784,513.28
0,2026-02-01T08:02:41.305818Z,78404.8177800361,4515372990.98465,1398.38
0,2026-02-01T08:02:41.814657Z,78399.0045295771,4515333406.45417,507.87
0,2026-02-01T08:02:42.819062Z,78405.1560273241,4515373042.86258,504.62
0,2026-02-01T08:02:43.858302Z,78419.5107244548,4515487244.67504,534.82
0,2026-02-01T08:02:44.840534Z,78427.0553025123,4515639035.36216,515.75
0,2026-02-01T08:02:45.838462Z,78414.6925029185,4515422316.71625,501.58
0,2026-02-01T08:02:46.854322Z,78405.1560273241,4515373042.86258,502.85
0,2026-02-01T08:02:47.872764Z,78427.052570429,4515655747.80094,504.48
0,2026-02-01T08:02:49.551886Z,78447.0604968731,4515876433.70869,1177.15
0,2026-02-01T08:02:50.701461Z,78453.9922768877,4516028839.04671,1149.2
0,2026-02-01T08:02:51.220376Z,78458.0775124998,4515904394.97846,516.92
0,2026-02-01T08:02:52.539993Z,78456.0645994559,4515903705.50287,832.2
0,2026-02-01T08:02:53.224583Z,78451.7845436338,4515971714.56715,507.42
0,2026-02-01T08:02:54.235639Z,78452.688845351,4516027238.97462,506.25
0,2026-02-01T08:02:55.305327Z,78445.8679711752,4516005309.6149,565.55
0,2026-02-01T08:02:56.244347Z,78445.8679711623,4516005200.06686,503.89
0,2026-02-01T08:02:57.276521Z,78453.9922768877,4516028839.04671,525.33
0,2026-02-01T08:02:58.255724Z,78435.6923340263,4516292862.03348,499.17
0,2026-02-01T08:02:59.279078Z,78433.8516217053,4516293427.83025,511.7
0,2026-02-01T08:03:00.269455Z,78436.6530096831,4516309554.84362,491.86
0,2026-02-01T08:03:01.347422Z,78447.9446410364,4516177559.50048,556.08
0,2026-02-01T08:03:02.309238Z,78437.4354849923,4516307610.76731,504.31
0,2026-02-01T08:03:03.328626Z,78436.7169923212,4516312025.92046,509.11
0,2026-02-01T08:03:04.330218Z,78433.8516217053,4516293427.83025,499.97
0,2026-02-01T08:03:05.454332Z,78436.7169922621,4516312046.33807,613.85
0,2026-02-01T08:03:06.357164Z,78436.716994364,4516311320.47584,504.25
0,2026-02-01T08:03:07.378355Z,78437.4354849923,4516307610.76731,515.66
0,2026-02-01T08:03:08.374608Z,78432.3048781413,4516402707.96141,497.32
0,2026-02-01T08:03:09.396893Z,78436.6530096777,4516309556.72187,507.48
0,2026-02-01T08:03:10.523677Z,78436.653009681,4516309555.57767,623.75
0,2026-02-01T08:03:11.424263Z,78427.1591193224,4516510131.67879,518.14
0,2026-02-01T08:03:12.430068Z,78436.7169922621,4516312046.33807,510.35
0,2026-02-01T08:03:14.587559Z,78430.1657432363,4516453200.1775,1656.02
0,2026-02-01T08:03:15.105600Z,78431.2196138812,4516403601.79358,517.04
0,2026-02-01T08:03:17.287502Z,78430.1657432363,4516453200.1775,1693.63
0,2026-02-01T08:03:17.799660Z,78403.2960647512,4516728518.39848,511.16
0,2026-02-01T08:03:18.797773Z,78358.6795929687,4517069589.35914,496.25
0,2026-02-01T08:03:19.815833Z,78387.9175570394,4516892784.09582,499.83
0,2026-02-01T08:03:20.854053Z,78433.9732625855,4516423392.58618,533.38
0,2026-02-01T08:03:21.837594Z,78371.1304049159,4517195612.85591,505.92
0,2026-02-01T08:03:22.854550Z,78371.7949205277,4517217187.72452,509.03
0,2026-02-01T08:03:23.865481Z,78365.6684427722,4517179128.41808,505.91
0,2026-02-01T08:03:24.879484Z,78371.9052888936,4517199092.83225,507.17
0,2026-02-01T08:03:25.889575Z,78385.4085872683,4517333303.72576,502.6
0,2026-02-01T08:03:26.891759Z,78358.6795929687,4517069589.35914,502.66
0,2026-02-01T08:03:27.891282Z,78371.9052888936,4517199092.83225,486.7
0,2026-02-01T08:03:28.917538Z,78371.8057365339,4517198630.72086,497.67
0,2026-02-01T08:03:31.061148Z,78358.6795929687,4517069589.35914,1635.28
0,2026-02-01T08:03:31.557660Z,78371.6685154878,4517199165.09954,495.51
0,2026-02-01T08:03:32.574596Z,78358.0312942709,4517081091.89704,501.54
0,2026-02-01T08:03:33.620225Z,78382.0434973244,4517343230.62049,547.52
0,2026-02-01T08:03:34.607794Z,78385.4085872683,4517333303.72576,520.92
0,2026-02-01T08:03:35.595863Z,78387.1461114536,4517391157.53546,500.11
0,2026-02-01T08:03:36.974209Z,78384.212943533,4517366985.27167,868.73
0,2026-02-01T08:03:37.599531Z,78371.4559580098,4517198605.32643,491.68
0,2026-02-01T08:03:38.632909Z,78383.3858170637,4517333397.67432,511.69
0,2026-02-01T08:03:39.626362Z,78389.694828532,4517395335.72907,488.8
0,2026-02-01T08:03:40.677336Z,78383.8043297618,4517365720.69799,529.36
0,2026-02-01T08:03:41.645987Z,78370.1802789553,4518037784.31426,496.67
0,2026-02-01T08:03:42.677943Z,78370.2223173844,4518027287.36211,524.84
0,2026-02-01T08:03:43.678269Z,78370.180155865,4518032287.30763,518.61
0,2026-02-01T08:03:44.669619Z,78389.694828532,4517395335.72907,507.64
0,2026-02-01T08:03:45.688946Z,78370.180278869,4518037801.55075,522.42
0,2026-02-01T08:03:46.694260Z,78364.57644633,4518091933.31277,516.62
0,2026-02-01T08:03:47.689620Z,78353.0360441683,4519303292.10728,499.66
0,2026-02-01T08:03:48.713885Z,78365.954160246,4518090181.16078,508.64
0,2026-02-01T08:03:49.705236Z,78359.0208577406,4519253516.75695,496.67
0,2026-02-01T08:03:50.727810Z,78364.5764521137,4518090666.40133,506.95
0,2026-02-01T08:03:51.753944Z,78363.676364616,4518051095.97625,514.24
0,2026-02-01T08:03:52.758228Z,78359.0208577406,4519253516.75695,515.74
0,2026-02-01T08:03:53.769164Z,78356.5274884584,4519253524.30833,516.48
0,2026-02-01T08:03:54.783497Z,78357.7048831707,4519429664.24257,514.38
0,2026-02-01T08:03:55.804333Z,78353.0360441683,4519303292.10728,517.24
0,2026-02-01T08:03:56.801841Z,78359.777097899,4519432520.36203,496.85
0,2026-02-01T08:03:57.828016Z,78353.0360441683,4519303292.10728,511.64
0,2026-02-01T08:03:58.879205Z,78363.3269611397,4519439776.3594,547.54
0,2026-02-01T08:03:59.837643Z,78365.1152957276,4519451679.35977,493.68
0,2026-02-01T08:04:00.872872Z,78353.1591517957,4519382937.56653,526.59
0,2026-02-01T08:04:01.855719Z,78361.6217429026,4519436340.84803,504.3
0,2026-02-01T08:04:02.862716Z,78353.0360441683,4519303292.10728,503.35
0,2026-02-01T08:05:13.427639Z,78423.0485455167,4520234119.25309,862.5
0,2026-02-01T08:05:14.435345Z,78422.5950679299,4520269760.62324,505.25
0,2026-02-01T08:05:15.443095Z,78422.4255563207,4520235921.90536,513.19
0,2026-02-01T08:05:16.443880Z,78419.073784198,4520357966.79511,514.72
0,2026-02-01T08:05:17.456875Z,78423.0485455167,4520234119.25309,505.25
0,2026-02-01T08:05:18.458996Z,78427.9310589711,4520169696.50036,554.75
0,2026-02-01T08:05:19.474583Z,78426.9225718322,4520168229.72888,507.97
0,2026-02-01T08:05:20.488166Z,78422.4255563207,4520235921.90536,498.64
0,2026-02-01T08:05:21.501525Z,78418.6994383383,4520296632.55495,526.43
0,2026-02-01T08:05:22.513892Z,78418.6622456352,4520296983.03097,516.29
0,2026-02-01T08:05:23.515673Z,78417.0896393101,4520313526.08642,522.69
0,2026-02-01T08:05:24.529335Z,78419.0402289394,4520362477.15485,502.02
0,2026-02-01T08:05:25.530444Z,78418.9285265084,4520372598.62795,491.3
0,2026-02-01T08:05:26.540518Z,78418.6622456352,4520296983.03097,524.88
0,2026-02-01T08:05:27.549526Z,78416.0131085199,4520377694.36071,492.9
0,2026-02-01T08:05:28.565362Z,78418.9285265084,4520372598.62795,530.33
0,2026-02-01T08:05:29.566535Z,78415.4643426055,4520378408.95703,491.58
0,2026-02-01T08:05:30.582378Z,78419.0402289394,4520362477.15485,495.74
0,2026-02-01T08:05:31.594427Z,78415.474634168,4520378551.35183,489.11
0,2026-02-01T08:05:32.609450Z,78418.8605619296,4520498247.70566,512.35
0,2026-02-01T08:05:33.612565Z,78415.4746341391,4520378561.1325,512.02
0,2026-02-01T08:05:34.617670Z,78418.8605619296,4520498247.70566,520.95
0,2026-02-01T08:05:35.632224Z,78413.0213673324,4520544877.16983,503.43
0,2026-02-01T08:05:36.647465Z,78413.0213673324,4520544877.16983,637.59
0,2026-02-01T08:05:37.659773Z,78412.4995155899,4520545170.45524,488.05
0,2026-02-01T08:05:38.666317Z,78418.8605601501,4520498721.95526,702.61
0,2026-02-01T08:05:39.680237Z,78412.4995155899,4520545170.45524,504.4
0,2026-02-01T08:05:40.691574Z,78412.4995155899,4520545170.45524,500.05
0,2026-02-01T08:05:41.706336Z,78413.0213668427,4520545077.17019,508.94
0,2026-02-01T08:05:42.721205Z,78413.0213668427,4520545077.17019,505.66
0,2026-02-01T08:05:43.734686Z,78392.2356271507,4520786439.52736,497.21
0,2026-02-01T08:05:44.745925Z,78418.8605619296,4520498247.70566,562.6
0,2026-02-01T08:05:45.756504Z,78412.4995155899,4520545170.45524,542.33
0,2026-02-01T08:05:46.766439Z,78388.7346235171,4520805107.90141,492.6
0,2026-02-01T08:05:47.781845Z,78384.1427324262,4520846029.55023,512.97
0,2026-02-01T08:05:48.797038Z,78410.8783430147,4520547383.09166,484.56
0,2026-02-01T08:05:49.799042Z,78374.964363932,4520888692.57994,520.24
0,2026-02-01T08:05:50.810863Z,78376.6057477743,4521030409.19167,516.66
0,2026-02-01T08:05:51.823317Z,78376.0943718062,4520887279.7914,538.22
0,2026-02-01T08:05:52.836191Z,78375.2631987846,4520887280.28896,533.01
0,2026-02-01T08:05:53.848253Z,78374.964363932,4520888692.57994,494.77
0,2026-02-01T08:05:54.857954Z,78391.0682535644,4520792121.16925,498.93
0,2026-02-01T08:05:55.873507Z,78379.1663440524,4521150753.05441,517.62
0,2026-02-01T08:05:56.879819Z,78377.1464446491,4521025449.58192,513.63
0,2026-02-01T08:05:57.899846Z,78377.1464349644,4521028894.05343,510.83
0,2026-02-01T08:05:58.910294Z,78377.1464447283,4521025422.45309,490.69
0,2026-02-01T08:05:59.925586Z,78375.264393062,4521073853.04371,498.27
0,2026-02-01T08:06:00.934754Z,78375.4086875146,4521037028.48019,553.66
0,2026-02-01T08:06:01.949706Z,78375.264393062,4521073853.04371,524.44
0,2026-02-01T08:06:02.960887Z,78376.6111276824,4521030415.3282,521.06
0,2026-02-01T08:06:03.975171Z,78375.264393062,4521073853.04371,580.96
0,2026-02-01T08:06:04.990193Z,78379.1663440524,4521150753.05441,509.77
0,2026-02-01T08:06:05.998093Z,78378.0930835431,4521135815.13551,603.67
0,2026-02-01T08:06:07.010082Z,78368.3896159451,4521220135.15884,597.81
0,2026-02-01T08:06:08.023507Z,78372.7501003058,4521476837.88025,739.01
0,2026-02-01T08:06:09.029948Z,78377.3465149111,4521199151.02845,525.04
0,2026-02-01T08:06:10.037148Z,78379.1766332711,4521150990.27141,493.1
0,2026-02-01T08:06:11.048815Z,78367.7870284277,4521247894.58657,513.16
0,2026-02-01T08:06:12.061474Z,78365.4445732727,4521517677.76687,740.9
0,2026-02-01T08:06:13.077537Z,78367.7870284277,4521247894.58657,507.62
0,2026-02-01T08:06:14.081003Z,78368.4676018286,4521247408.94221,520.76
0,2026-02-01T08:06:15.092757Z,78365.4445732727,4521517677.76687,514.2
0,2026-02-01T08:06:16.107113Z,78367.7870284277,4521247894.58657,1109.57
0,2026-02-01T08:06:17.218685Z,78367.5666992762,4521235805.4327,487.25
0,2026-02-01T08:06:18.228459Z,78382.0167171827,4521635706.33715,499.53
0,2026-02-01T08:06:19.239604Z,78366.140534201,4521517285.44203,517.67
0,2026-02-01T08:06:20.248872Z,78365.4445732727,4521517677.76687,525.1
0,2026-02-01T08:06:21.249288Z,78369.1529901543,4521552742.54776,501.93
0,2026-02-01T08:06:22.258910Z,78365.1667098337,4521517341.58102,492.77
0,2026-02-01T08:06:23.273057Z,78373.4201650853,4521598835.095,501.85
0,2026-02-01T08:06:24.285144Z,78373.4727291448,4521681116.17465,515.29
0,2026-02-01T08:06:25.297844Z,78373.1738603397,4521592030.33229,503.62
0,2026-02-01T08:06:26.299994Z,78365.1541979402,4521517780.19003,525.16
0,2026-02-01T08:06:27.314771Z,78377.4011969177,4521673277.85621,596.94
0,2026-02-01T08:06:28.318360Z,78365.4445732727,4521517677.76687,685.27
0,2026-02-01T08:06:29.329310Z,78365.4445732727,4521517677.76687,490.05
0,2026-02-01T08:06:30.343770Z,78365.1568882505,4521517740.00032,508.97
0,2026-02-01T08:06:31.351181Z,78381.2451726485,4521807239.39865,1071.21
0,2026-02-01T08:06:32.428368Z,78381.2451723875,4521807338.40818,491.84
0,2026-02-01T08:06:33.442210Z,78375.9941318411,4521727193.26213,499.72
0,2026-02-01T08:06:34.456605Z,78380.8746714319,4521635828.62233,504.24
0,2026-02-01T08:06:35.464650Z,78381.2451726485,4521807239.39865,511.04
0,2026-02-01T08:06:36.466631Z,78380.991345305,4521807347.04406,491.95
0,2026-02-01T08:06:37.478569Z,78381.2451723875,4521807338.40818,510.04
0,2026-02-01T08:06:38.489042Z,78380.9989433477,4521807366.8445,480.19
0,2026-02-01T08:06:39.498170Z,78373.472862476,4521687223.68125,499.38
0,2026-02-01T08:06:40.513088Z,78380.9989433477,4521807366.8445,511.43
0,2026-02-01T08:06:41.528810Z,78381.0016332104,4521807489.18224,1358.12
0,2026-02-01T08:06:42.890927Z,78375.9941318411,4521727193.26213,501.33
0,2026-02-01T08:06:43.892183Z,78389.4965574799,4521849955.28613,503.87
0,2026-02-01T08:06:44.903532Z,78381.0016334283,4521807404.78625,505.07
0,2026-02-01T08:06:45.914132Z,78383.44103007,4521918780.53491,582.5
0,2026-02-01T08:06:46.924544Z,78383.4410299883,4521918809.69121,624.79
0,2026-02-01T08:06:47.935554Z,78381.0016332104,4521807489.18224,580.08
0,2026-02-01T08:06:48.948482Z,78383.44103007,4521918780.53491,508.79
0,2026-02-01T08:06:49.953413Z,78383.2052151634,4522014203.76724,576.13
0,2026-02-01T08:06:50.965762Z,78383.2052151634,4522014203.76724,1104.79
0,2026-02-01T08:06:52.073543Z,78383.2052141195,4522014583.13609,529.2
0,2026-02-01T08:06:53.084116Z,78383.2052144694,4522014455.99197,513.56
0,2026-02-01T08:06:54.096368Z,78383.1629109477,4522012200.25143,494.19
0,2026-02-01T08:06:55.096637Z,78387.7993571675,4522055796.30448,505.82
0,2026-02-01T08:06:56.097679Z,78401.002207571,4522086311.71105,574.39
0,2026-02-01T08:06:57.109223Z,78383.2052141195,4522014583.13609,574.21
0,2026-02-01T08:06:58.110232Z,78405.1764034598,4522109023.27509,535.95
0,2026-02-01T08:06:59.125849Z,78401.7413086914,4522088239.66213,578.31
0,2026-02-01T08:07:00.136215Z,78383.2052144694,4522014455.99197,540.96
0,2026-02-01T08:07:01.149756Z,78405.1764034598,4522109023.27509,526.41
0,2026-02-01T08:07:02.161252Z,78396.7403284897,4522200557.92361,492.28
0,2026-02-01T08:07:03.175107Z,78405.8026394507,4522134690.87538,915.57
0,2026-02-01T08:07:04.187501Z,78400.8031010141,4522163367.84623,510.12
0,2026-02-01T08:07:05.197849Z,78401.53753814,4522086310.98823,505.94
0,2026-02-01T08:07:06.207329Z,78400.8004092357,4522163404.61148,508.83
0,2026-02-01T08:07:07.209450Z,78405.1764034598,4522109023.27509,501.45
0,2026-02-01T08:07:08.221732Z,78405.1764034598,4522109023.27509,510.0
0,2026-02-01T08:07:09.235077Z,78399.9704679923,4522258751.00155,583.99
0,2026-02-01T08:07:10.249551Z,78407.1958285211,4522290043.04918,551.01
0,2026-02-01T08:07:11.251597Z,78400.9380857692,4522161587.30146,510.97
0,2026-02-01T08:07:12.265752Z,78408.8077868021,4522130309.94687,505.48
0,2026-02-01T08:07:13.267263Z,78399.4464931446,4522163367.11173,516.59
0,2026-02-01T08:07:14.282423Z,78389.0524615263,4522418091.11046,510.42
0,2026-02-01T08:07:15.291863Z,78392.5380019811,4522391238.22528,495.66
0,2026-02-01T08:07:16.302584Z,78390.7511316461,4522420076.06831,509.99
0,2026-02-01T08:07:17.308402Z,78390.7408250434,4522430761.52292,500.67
0,2026-02-01T08:07:18.317617Z,78403.1205079629,4522336172.74619,493.76
0,2026-02-01T08:07:19.331738Z,78405.0076707487,4522324108.63596,485.09
0,2026-02-01T08:07:20.333018Z,78390.7511316461,4522420076.06831,494.84
0,2026-02-01T08:07:21.343024Z,78389.0524618973,4522420063.67155,485.56
0,2026-02-01T08:07:22.350637Z,78386.9852771971,4522565272.38558,707.74
0,2026-02-01T08:07:23.362047Z,78388.7792038614,4522398212.20984,519.33
1,03:15,2026-02-01T08:18:02.276726Z,78000.5,4600000000,250
1,03:15,2026-02-01T08:18:55.203558Z,78001.5,4600000000,251
1,03:15,2026-02-01T08:19:32.161802Z,78284.9622063256,4537953991.59223,566.84
1,03:15,2026-02-01T08:19:33.173481Z,78284.9622062456,4537954012.914,514.72
1,03:15,2026-02-01T08:19:34.179363Z,78271.3774615759,4538025340.99558,502.1
1,03:15,2026-02-01T08:19:35.208107Z,78274.1233725975,4538005561.68408,512.18
1,03:15,2026-02-01T08:19:36.219675Z,78274.1233725975,4538005561.68408,514.66
1,03:15,2026-02-01T08:19:37.232753Z,78274.3316903959,4538005817.17545,517.41
1,03:15,2026-02-01T08:19:38.233828Z,78271.3774697292,4538023061.71723,497.07
1,03:15,2026-02-01T08:19:39.235458Z,78271.3774615629,4538025358.40238,529.26
1,03:15,2026-02-01T08:19:40.250102Z,78270.7220106137,4538018521.55221,531.7
1,03:15,2026-02-01T08:19:41.259845Z,78271.1834725998,4538046024.62518,543.06
1,03:15,2026-02-01T08:19:42.274385Z,78271.3774605893,4538025644.67232,539.81
1,03:15,2026-02-01T08:19:43.290382Z,78271.3774695745,4538023236.43742,523.48
1,03:15,2026-02-01T08:19:44.305753Z,78271.3774689456,4538023401.87936,522.95
1,03:15,2026-02-01T08:19:45.317996Z,78271.377459656,4538025873.26249,503.43
1,03:15,2026-02-01T08:19:46.331854Z,78271.5251376018,4538043714.87183,494.68
1,03:15,2026-02-01T08:19:47.333209Z,78271.3774615126,4538025425.55711,512.6
1,03:15,2026-02-01T08:19:48.336494Z,78271.3773842394,4538043773.41148,537.56
1,03:15,2026-02-01T08:19:49.345795Z,78271.5251376018,4538043714.87183,528.72
1,03:15,2026-02-01T08:19:50.359973Z,78270.5279816152,4538047047.0153,528.61
1,03:15,2026-02-01T08:19:51.360901Z,78270.2949028398,4538093748.59104,507.3
1,03:15,2026-02-01T08:19:52.374475Z,78270.2949029479,4538093724.75302,709.69
1,03:15,2026-02-01T08:19:53.378482Z,78270.2949028398,4538093748.59104,498.51
1,03:15,2026-02-01T08:19:54.392295Z,78269.6558563805,4538130776.31799,1217.39
1,03:15,2026-02-01T08:19:55.648579Z,78270.2949029479,4538093724.75302,500.66
1,03:15,2026-02-01T08:19:56.654049Z,78270.2949029479,4538093724.75302,498.4
1,03:15,2026-02-01T08:19:57.669357Z,78269.5676410473,4538141672.52548,492.15
1,03:15,2026-02-01T08:19:58.684771Z,78269.4046703306,4538094414.02164,492.51
1,03:15,2026-02-01T08:19:59.695671Z,78269.567640939,4538141697.27511,521.14
1,03:15,2026-02-01T08:20:00.709101Z,78270.2943891663,4538094351.69765,1604.91
1,03:15,2026-02-01T08:20:02.316004Z,78269.5676557515,4538138312.04902,1375.53
1,03:15,2026-02-01T08:20:03.693533Z,78269.5676387765,4538142215.42564,497.08
1,03:15,2026-02-01T08:20:04.700578Z,78269.5676364977,4538142736.23297,537.18
1,03:15,2026-02-01T08:20:05.712308Z,78273.9187687578,4538200601.43155,526.11
1,03:15,2026-02-01T08:20:06.714144Z,78282.2349996095,4538226096.74506,511.45
1,03:15,2026-02-01T08:20:07.726295Z,78281.396853802,4538223539.67981,515.85
1,03:15,2026-02-01T08:20:08.730112Z,78283.0489824532,4538223740.63231,570.58
1,03:30,2026-02-01T08:21:33.019595Z,78002.5,4600000000,252
1,03:30,2026-02-01T08:22:05.616241Z,78003.5,4600000000,253
1,03:30,2026-02-01T08:23:41.568000Z,78266.3566623479,4544151314.48003,556.34
1,03:30,2026-02-01T08:23:46.580070Z,78263.1784257039,4544220326.88505,506.4
1,03:30,2026-02-01T08:23:51.583395Z,78392.3498948762,4547236508.04771,1050.33
1,03:30,2026-02-01T08:23:56.595752Z,78371.7845610338,4545119531.32102,546.42
1,03:30,2026-02-01T08:24:01.596862Z,78373.861641767,4547390817.34868,525.12
1,03:30,2026-02-01T08:24:06.606288Z,78364.8898957532,4547473022.15001,485.29
1,03:30,2026-02-01T08:24:11.620641Z,78347.7362044656,4547901045.3582,499.86
1,03:30,2026-02-01T08:24:16.625814Z,78346.4472914299,4547901366.49824,543.64
1,03:30,2026-02-01T08:24:21.628254Z,78342.4705679205,4547965966.39688,512.68
1,03:30,2026-02-01T08:24:26.637227Z,78332.9408317192,4548207365.71249,526.88
1,03:30,2026-02-01T08:24:31.645961Z,78333.7468346403,4548243779.81077,519.24
1,03:30,2026-02-01T08:24:36.652735Z,78332.9408317192,4548207365.71249,520.59
1,03:30,2026-02-01T08:24:41.659068Z,78341.8451869104,4548608378.5845,518.13
1,03:30,2026-02-01T08:24:46.667818Z,78342.3822517886,4548608477.60895,1548.46
1,03:30,2026-02-01T08:24:51.682307Z,78342.3822517021,4548608633.19066,509.89
1,03:30,2026-02-01T08:24:56.691985Z,78355.553221562,4548772700.7739,516.33
1,03:30,2026-02-01T08:25:01.699202Z,78357.1313892581,4548926564.51596,589.21
1,03:30,2026-02-01T08:25:06.703629Z,78356.7178657936,4548832085.30086,511.63
1,03:30,2026-02-01T08:25:11.714636Z,78358.6603580405,4550236691.3747,565.56
1,03:30,2026-02-01T08:25:16.725501Z,78339.2887874211,4550808553.35602,501.56
1,03:30,2026-02-01T08:25:21.738682Z,78377.790366205,4550501033.30344,499.31
1,03:30,2026-02-01T08:25:26.746612Z,78359.2729757992,4551359982.31795,502.22
1,03:30,2026-02-01T08:25:31.751246Z,78321.9129691513,4551701815.75608,527.48
1,03:30,2026-02-01T08:25:36.753880Z,78338.2106031066,4551750109.06421,525.29
1,03:30,2026-02-01T08:25:41.769089Z,78349.4607185952,4551852944.18704,1067.37
1,03:30,2026-02-01T08:25:46.776871Z,78335.5238757845,4552018989.41948,530.33
1,03:30,2026-02-01T08:25:51.778149Z,78335.5238757845,4552018989.41948,508.55
1,03:30,2026-02-01T08:25:56.786792Z,78345.9023955497,4552053664.21349,518.48
1,03:30,2026-02-01T08:26:01.792424Z,78335.9239959107,4552284306.5029,533.2
1,03:30,2026-02-01T08:26:06.802661Z,78335.9239959107,4552284306.5029,495.45
1,03:30,2026-02-01T08:26:11.815518Z,78318.5432997288,4552837533.50501,501.79
1,03:30,2026-02-01T08:26:16.829869Z,78315.7942454896,4552876934.53698,515.42
1,03:30,2026-02-01T08:26:21.841213Z,78326.1110159563,4552701870.02677,485.37
1,03:30,2026-02-01T08:26:26.842937Z,78316.4667218589,4552915883.16103,732.8
1,03:30,2026-02-01T08:26:31.851597Z,78313.2807864099,4553052920.26622,523.57
1,03:30,2026-02-01T08:26:36.862239Z,78316.832911186,4553103302.92295,491.96
1,03:30,2026-02-01T08:26:41.872312Z,78319.1509994546,4553140358.64046,505.98
1,03:30,2026-02-01T08:26:46.880179Z,78313.2807870874,4553052705.04571,524.7
1,03:30,2026-02-01T08:26:51.889424Z,78319.1509994546,4553140358.64046,506.65
1,03:30,2026-02-01T08:26:56.896482Z,78304.1074929682,4553496174.12503,547.82
1,03:30,2026-02-01T08:27:01.905048Z,78295.5444038473,4553605004.62317,506.3
1,03:30,2026-02-01T08:27:06.919691Z,78294.283202071,4553564031.24423,547.78
1,03:30,2026-02-01T08:27:11.931648Z,78295.1349514414,4553640116.51161,527.04
1,03:30,2026-02-01T08:27:16.935873Z,78291.1820214414,4553848151.18067,528.43
1,03:30,2026-02-01T08:27:21.945845Z,78291.0209443714,4553848120.94936,518.66
1,03:30,2026-02-01T08:27:26.956142Z,78310.5702064645,4554365441.3091,516.74
1,03:30,2026-02-01T08:27:31.957254Z,78309.5041355796,4554365392.92671,530.12
1,03:30,2026-02-01T08:27:36.968375Z,78331.3170496948,4555117003.54723,525.82
1,03:30,2026-02-01T08:27:41.973603Z,78374.5216354578,4555775524.62658,517.78
1,03:30,2026-02-01T08:27:46.989655Z,78374.0624869067,4555793605.45154,1230.15
1,03:30,2026-02-01T08:27:51.996195Z,78373.2917269973,4555851290.03782,502.66
1,03:30,2026-02-01T08:27:56.998623Z,78373.7811368605,4555865252.8423,538.02
1,03:30,2026-02-01T08:28:02.006744Z,78387.6016346114,4555926821.32481,599.4
1,03:30,2026-02-01T08:28:07.016956Z,78377.523091916,4555897039.86845,511.76
1,03:30,2026-02-01T08:28:12.022146Z,78393.7628972617,4555966963.0648,523.01
1,03:30,2026-02-01T08:28:17.030922Z,78397.9464070008,4556371508.78122,515.3
1,03:30,2026-02-01T08:28:22.042274Z,78380.0356149985,4556256959.88129,1466.58
1,03:30,2026-02-01T08:28:27.049464Z,78398.536944006,4556371679.71087,530.15
1,03:30,2026-02-01T08:28:32.064443Z,78398.242780379,4556449756.30022,524.32
1,03:30,2026-02-01T08:28:37.069985Z,78403.3092402269,4556581224.27777,525.25
1,03:30,2026-02-01T08:28:42.084250Z,78410.7580318439,4556724566.13997,522.81
1,03:30,2026-02-01T08:28:47.090706Z,78402.5626704074,4556580215.92023,497.92
1,03:30,2026-02-01T08:28:52.101236Z,78425.2159865476,4556797055.3787,504.21
1,03:30,2026-02-01T08:28:57.103457Z,78418.2946777751,4557013054.70551,532.94
1,03:30,2026-02-01T08:29:02.110723Z,78418.3826366544,4557012866.45683,518.27
1,03:30,2026-02-01T08:29:07.121739Z,78418.2946773776,4557013215.34668,500.85
1,03:30,2026-02-01T08:29:12.136549Z,78419.3395386361,4557096972.5809,532.85
1,03:30,2026-02-01T08:29:17.139906Z,78419.2831736854,4557091146.76764,531.26
1,03:30,2026-02-01T08:29:22.145189Z,78421.152148321,4557036139.24742,516.41
1,03:30,2026-02-01T08:29:27.156739Z,78420.7819116983,4557124922.22353,542.81
1,03:30,2026-02-01T08:29:32.161900Z,78420.4709133529,4557142687.89849,515.24
1,03:30,2026-02-01T08:29:37.175313Z,78417.214410146,4557223952.43285,489.13
1,03:30,2026-02-01T08:29:42.184838Z,78420.5225250559,4557159635.6621,509.68
1,03:30,2026-02-01T08:29:47.188312Z,78411.4862593267,4557277956.27397,511.67
1,03:30,2026-02-01T08:29:52.203988Z,78411.4835733125,4557278356.76724,646.57
1,03:30,2026-02-01T08:29:57.207823Z,78411.8272340697,4557278623.44165,530.75
1,03:45,2026-02-01T08:30:02.209542Z,78427.972828183,4557577731.45076,535.97
1,03:45,2026-02-01T08:30:07.224665Z,78411.4889418219,4557278818.71522,602.92
1,03:45,2026-02-01T08:30:12.240323Z,78432.3552342046,4557683583.75847,489.49
1,03:45,2026-02-01T08:30:17.248105Z,78433.1862338153,4557774566.68785,714.57
1,03:45,2026-02-01T08:30:22.258891Z,78440.8244312976,4557937678.83844,522.02
1,03:45,2026-02-01T08:30:27.273205Z,78440.3212389817,4557980460.31362,1085.13
1,03:45,2026-02-01T08:30:32.282874Z,78444.9939863742,4558005758.1453,519.4
1,03:45,2026-02-01T08:30:37.292585Z,78448.4452185397,4558118252.65337,505.11
1,03:45,2026-02-01T08:30:42.301443Z,78442.9617821583,4558193479.07403,537.81
1,03:45,2026-02-01T08:30:47.311108Z,78414.2227564416,4558345550.59943,506.93
1,03:45,2026-02-01T08:30:52.314274Z,78415.727055265,4558446024.31866,549.24
1,03:45,2026-02-01T08:30:57.324434Z,78416.3767042956,4558445997.92284,518.67
1,03:45,2026-02-01T08:31:02.336484Z,78406.7390478127,4558490566.4931,504.38
1,03:45,2026-02-01T08:31:07.340664Z,78410.1546957619,4558489930.7281,532.58
1,03:45,2026-02-01T08:31:12.359836Z,78418.0502917353,4558734642.31134,515.74
1,03:45,2026-02-01T08:31:17.370873Z,78423.7674619635,4558917327.87491,648.46
1,03:45,2026-02-01T08:31:22.384876Z,78424.032924137,4558932332.57177,514.41
1,03:45,2026-02-01T08:31:27.391672Z,78414.7545828346,4558998519.57216,509.82
1,03:45,2026-02-01T08:31:32.402503Z,78417.9829582596,4558969501.28454,526.98
1,03:45,2026-02-01T08:31:37.408117Z,78414.0376712463,4559033633.69401,527.93
1,03:45,2026-02-01T08:31:42.416033Z,78414.1226825194,4559049760.17433,510.81
1,03:45,2026-02-01T08:31:47.419622Z,78414.2506441844,4559069429.33375,506.9
1,03:45,2026-02-01T08:31:52.431354Z,78421.0373588372,4559120540.71149,509.45
1,03:45,2026-02-01T08:31:57.440138Z,78418.4296466359,4559365124.75785,761.84
1,03:45,2026-02-01T08:32:02.453692Z,78425.5320000132,4559394113.12803,558.93
1,03:45,2026-02-01T08:32:07.462544Z,78418.9170668252,4559365662.90461,491.28
1,03:45,2026-02-01T08:32:12.463920Z,78430.0669951766,4559508306.46818,507.15
1,03:45,2026-02-01T08:32:17.473929Z,78430.0669951992,4559508298.1159,519.43
1,03:45,2026-02-01T08:32:22.480808Z,78432.2738754458,4559622428.13023,533.05
1,03:45,2026-02-01T08:32:27.486757Z,78433.8391397418,4559686972.87564,514.92
1,03:45,2026-02-01T08:32:32.490642Z,78433.8391397418,4559686972.87564,524.45
1,03:45,2026-02-01T08:32:37.497366Z,78431.0059001402,4559803571.47558,500.16
1,03:45,2026-02-01T08:32:42.502601Z,78424.8070200716,4559903777.60432,1217.27
1,03:45,2026-02-01T08:32:47.509693Z,78413.1530226556,4559992455.46436,1179.26
1,03:45,2026-02-01T08:32:52.512533Z,78409.3588627162,4560032305.2111,531.77
1,03:45,2026-02-01T08:32:57.528029Z,78406.0415906375,4560069046.63157,535.03
1,03:45,2026-02-01T08:33:02.542799Z,78397.0761511794,4560172344.72692,503.95
1,03:45,2026-02-01T08:33:07.548739Z,78406.0415906375,4560069046.63157,529.45
1,03:45,2026-02-01T08:33:12.560064Z,78410.0366598834,4560375807.22304,520.61
1,03:45,2026-02-01T08:33:17.572516Z,78400.5800924224,4560320268.32899,539.56
1,03:45,2026-02-01T08:33:22.587425Z,78400.5156934931,4560445730.38909,518.75
1,03:45,2026-02-01T08:33:27.593403Z,78400.7820442263,4560446092.16378,532.85
1,03:45,2026-02-01T08:33:32.594381Z,78400.7643783325,4560449136.98144,544.54
1,03:45,2026-02-01T08:33:37.606450Z,78407.9265969847,4560504473.1365,510.92
1,03:45,2026-02-01T08:33:42.611047Z,78406.8491897254,4560503372.8225,498.41
1,03:45,2026-02-01T08:33:47.622608Z,78415.5039102368,4560538586.35113,496.7
1,03:45,2026-02-01T08:33:52.637313Z,78409.0823320504,4560508214.04441,507.71
1,03:45,2026-02-01T08:33:57.649770Z,78414.6659769984,4560538321.34307,509.87
1,03:45,2026-02-01T08:34:02.660417Z,78417.3747287177,4560584713.0863,512.78
1,03:45,2026-02-01T08:34:07.669299Z,78418.6581464255,4560615811.25184,567.85
1,03:45,2026-02-01T08:34:12.672831Z,78417.3693573576,4560584704.74369,522.13
1,03:45,2026-02-01T08:34:17.682048Z,78418.9563114618,4560634090.54278,528.72
1,03:45,2026-02-01T08:34:22.696271Z,78413.0241271547,4560779265.8855,522.8
1,03:45,2026-02-01T08:34:27.712747Z,78421.6964423078,4560854770.65251,530.69
1,03:45,2026-02-01T08:34:32.726975Z,78412.9272260989,4560779465.33045,516.93
1,03:45,2026-02-01T08:34:37.729321Z,78422.087561229,4560855846.08021,514.35
1,03:45,2026-02-01T08:34:42.732188Z,78423.7983053464,4560864667.76105,512.79
1,03:45,2026-02-01T08:34:47.738108Z,78416.3611213431,4561052949.95133,513.62
1,03:45,2026-02-01T08:34:52.749428Z,78416.378601687,4561044606.10542,538.3
1,03:45,2026-02-01T08:34:57.750531Z,78416.8042487069,4561054847.3854,517.25
1,03:45,2026-02-01T08:35:02.751344Z,78416.8069339909,4561055001.80683,1448.93
1,03:45,2026-02-01T08:35:07.763952Z,78429.6081688791,4561229915.63384,527.94
1,03:45,2026-02-01T08:35:12.766190Z,78431.7568547986,4561232041.83004,518.62
1,03:45,2026-02-01T08:35:17.779745Z,78446.2887041888,4561392022.20166,511.08
1,03:45,2026-02-01T08:35:22.789235Z,78459.738182365,4561552859.80639,490.78
1,03:45,2026-02-01T08:35:27.796638Z,78473.0239462781,4561666475.3249,536.51
1,03:45,2026-02-01T08:35:32.812419Z,78460.6163394997,4561552865.7246,522.4
1,03:45,2026-02-01T08:35:37.825852Z,78476.9374688857,4561957820.30304,3670.99
1,03:45,2026-02-01T08:35:42.838431Z,78534.3748808104,4562920714.34523,530.11
1,03:45,2026-02-01T08:35:47.845268Z,78495.5013732053,4562208594.91706,523.85
1,03:45,2026-02-01T08:35:52.861596Z,78547.651997268,4563188974.48183,555.02
1,03:45,2026-02-01T08:35:57.876296Z,78543.9375696983,4563168493.91533,526.92
1,03:45,2026-02-01T08:36:02.880419Z,78553.4747841884,4563423115.74672,677.9
1,03:45,2026-02-01T08:36:07.881692Z,78554.2958428435,4563425001.96886,548.25
1,03:45,2026-02-01T08:36:12.882087Z,78550.3530073467,4563463542.05196,537.59
1,03:45,2026-02-01T08:36:17.897840Z,78547.6197538389,4563502451.31211,516.61
1,03:45,2026-02-01T08:36:22.901304Z,78540.9620843179,4563590910.95733,518.97
1,03:45,2026-02-01T08:36:27.902927Z,78545.3233726911,4563556652.17446,524.51
1,03:45,2026-02-01T08:36:32.908405Z,78540.9593997992,4563590919.32114,510.99
1,03:45,2026-02-01T08:36:37.915217Z,78527.6453089865,4563686224.75387,494.51
1,03:45,2026-02-01T08:36:42.919792Z,78521.6862271963,4563774042.29344,516.9
1,03:45,2026-02-01T08:36:47.935769Z,78530.6210120861,4563850209.13016,514.48
1,03:45,2026-02-01T08:36:52.942560Z,78530.1369624415,4563980774.14108,542.99
1,03:45,2026-02-01T08:36:57.951884Z,78528.5321466614,4563916983.24244,512.46
1,03:45,2026-02-01T08:37:02.965777Z,78531.5688471482,4564058656.74695,515.16
1,03:45,2026-02-01T08:37:07.977995Z,78529.7238367274,4564041820.20146,498.69
1,03:45,2026-02-01T08:37:12.981518Z,78527.116747359,4564195520.98326,516.32
1,03:45,2026-02-01T08:37:17.993942Z,78527.1167470575,4564195690.04331,499.22
1,03:45,2026-02-01T08:37:23.002804Z,78537.8697119244,4564432332.50879,518.46
1,03:45,2026-02-01T08:37:28.013754Z,78534.0916391753,4564388933.12718,497.79
1,03:45,2026-02-01T08:37:33.025593Z,78570.4979235371,4564708759.90491,542.43
1,03:45,2026-02-01T08:37:38.032936Z,78566.4744572299,4564800132.43226,512.28
1,03:45,2026-02-01T08:37:43.040690Z,78563.7580881812,4564904827.62879,514.11
1,03:45,2026-02-01T08:37:48.055678Z,78567.2594195069,4564981830.46002,533.05
1,03:45,2026-02-01T08:37:53.063163Z,78585.1196477277,4565189798.55269,548.64
1,03:45,2026-02-01T08:37:58.078375Z,78590.5338028608,4565382821.61106,495.55
1,03:45,2026-02-01T08:38:03.083474Z,78641.5641440672,4567424570.75771,509.6
1,03:45,2026-02-01T08:38:08.093863Z,78598.276961228,4566181406.53517,505.4
1,03:45,2026-02-01T08:38:13.105141Z,78638.1689633817,4567505975.32212,516.99
1,03:45,2026-02-01T08:38:18.110637Z,78640.8618145659,4567454502.37062,1319.45
1,03:45,2026-02-01T08:38:23.124486Z,78654.2247227375,4567767439.98989,505.43
1,03:45,2026-02-01T08:38:28.136503Z,78709.1087587363,4568584909.50611,833.1
1,03:45,2026-02-01T08:38:33.144820Z,78712.7096772089,4568747964.80956,510.51
1,03:45,2026-02-01T08:38:38.152025Z,78686.216347556,4569011200.69605,532.72
1,03:45,2026-02-01T08:38:43.156825Z,78681.6605673853,4569267486.26848,523.65
1,03:45,2026-02-01T08:38:48.163943Z,78664.0440205645,4569691805.38129,1142.89
1,03:45,2026-02-01T08:38:53.168613Z,78660.6334765808,4569734941.09657,782.68
1,03:45,2026-02-01T08:38:58.182823Z,78656.234378191,4569783702.63313,520.82
1,03:45,2026-02-01T08:39:03.185594Z,78651.6561232119,4569979004.89587,510.02
1,03:45,2026-02-01T08:39:08.200891Z,78645.9243790073,4570091948.61898,512.63
1,03:45,2026-02-01T08:39:13.207589Z,78645.5823848551,4570089252.42732,486.17
1,03:45,2026-02-01T08:39:18.220491Z,78644.0755118274,4570217101.2124,503.63
1,03:45,2026-02-01T08:39:23.221711Z,78639.5302575432,4570307463.12091,518.6
1,03:45,2026-02-01T08:39:28.235188Z,78639.5302575432,4570307463.11226,492.68
1,03:45,2026-02-01T08:39:33.250777Z,78668.1858990396,4570505249.29403,509.64
1,03:45,2026-02-01T08:39:38.265300Z,78651.4903635271,4570629060.07745,777.92
1,03:45,2026-02-01T08:39:43.267800Z,78670.389114561,4570742156.28256,536.57
1,03:45,2026-02-01T08:39:48.272644Z,78671.4754143956,4571020583.51481,535.58
1,03:45,2026-02-01T08:39:53.284853Z,78679.4337861592,4570952950.24113,524.74
1,03:45,2026-02-01T08:39:58.298600Z,78680.8570246017,4571819423.00596,516.62
1,03:45,2026-02-01T08:40:03.312956Z,78716.3309407194,4572580662.22714,546.54
1,03:45,2026-02-01T08:40:08.326377Z,78729.4805175953,4573139381.35154,536.57
1,03:45,2026-02-01T08:40:13.329221Z,78724.6946083286,4572595790.26228,575.46
1,03:45,2026-02-01T08:40:18.340368Z,78729.4805175953,4573139381.35154,890.07
1,03:45,2026-02-01T08:40:23.352575Z,78721.9163756285,4573348353.99702,527.23
1,03:45,2026-02-01T08:40:28.362310Z,78723.0392888028,4573318147.29096,514.4
1,03:45,2026-02-01T08:40:33.364262Z,78719.9482787821,4573421196.00352,1316.17
1,03:45,2026-02-01T08:40:38.368657Z,78719.9482787821,4573421196.00352,491.92
1,03:45,2026-02-01T08:40:43.377049Z,78732.3336613243,4573669220.70117,505.65
1,03:45,2026-02-01T08:40:48.392434Z,78788.075606806,4574809658.13314,517.95
1,03:45,2026-02-01T08:40:53.406890Z,78782.1957308288,4575056454.937,509.94
1,03:45,2026-02-01T08:40:58.413422Z,78782.6028929363,4575158754.58325,523.02
1,03:45,2026-02-01T08:41:03.422475Z,78781.376056763,4575190210.76432,550.73
1,03:45,2026-02-01T08:41:08.427000Z,78752.5165284952,4575560851.42562,525.67
1,03:45,2026-02-01T08:41:13.438969Z,78752.930680442,4575560831.74008,517.62
1,03:45,2026-02-01T08:41:18.440978Z,78736.462678683,4575738330.54164,515.62
1,03:45,2026-02-01T08:41:23.455330Z,78735.8208632126,4575778879.69405,505.47
1,03:45,2026-02-01T08:41:28.457802Z,78735.6264358882,4575779434.31021,500.63
1,03:45,2026-02-01T08:41:33.470577Z,78734.8377078652,4575891329.98728,520.19
1,03:45,2026-02-01T08:41:38.474129Z,78732.6681595539,4576007377.53845,500.49
1,03:45,2026-02-01T08:41:43.475654Z,78728.2375622597,4575926481.92924,531.55
1,03:45,2026-02-01T08:41:48.487571Z,78728.0092605549,4575916280.27329,515.29
1,03:45,2026-02-01T08:41:53.490003Z,78732.6917067781,4576165859.79879,520.89
1,03:45,2026-02-01T08:41:58.491771Z,78737.6902394267,4576252066.03425,499.78
1,03:45,2026-02-01T08:42:03.507639Z,78732.6400715266,4576141659.45369,724.39
1,03:45,2026-02-01T08:42:08.510443Z,78713.8543793381,4576515681.95374,516.09
1,03:45,2026-02-01T08:42:13.515654Z,78736.3470972815,4576333915.07538,540.15
1,03:45,2026-02-01T08:42:18.517424Z,78712.4587156444,4576523429.14164,527.49
1,03:45,2026-02-01T08:42:23.530618Z,78699.5905691601,4576585349.28885,515.89
1,03:45,2026-02-01T08:42:28.543942Z,78718.0349098824,4576862864.99928,519.35
1,03:45,2026-02-01T08:42:33.549274Z,78732.3274278668,4576990809.53505,526.16
1,03:45,2026-02-01T08:42:38.550972Z,78738.7627532997,4577105660.45341,505.39
1,03:45,2026-02-01T08:42:43.560086Z,78737.5170987567,4577104062.53786,535.01
1,03:45,2026-02-01T08:42:48.575344Z,78742.8001333456,4577181180.2709,519.19
1,03:45,2026-02-01T08:42:53.579516Z,78741.5044634213,4577115662.73007,496.79
1,03:45,2026-02-01T08:42:58.582845Z,78767.8033814789,4577396488.22754,506.19
1,03:45,2026-02-01T08:43:03.592993Z,78767.801911791,4577396472.472,668.15
1,03:45,2026-02-01T08:43:08.593866Z,78759.9679892784,4577626299.77545,518.07
1,03:45,2026-02-01T08:43:13.596737Z,78759.9652935478,4577628400.80278,510.41
1,03:45,2026-02-01T08:43:18.606244Z,78748.0663706846,4577824443.19296,519.05
1,03:45,2026-02-01T08:43:23.608362Z,78747.4185221437,4577834750.35901,511.31
1,03:45,2026-02-01T08:43:28.610991Z,78746.7382999909,4577834818.58344,636.0
1,03:45,2026-02-01T08:43:33.613711Z,78751.8338907713,4578025337.84194,777.99
1,03:45,2026-02-01T08:43:38.625836Z,78766.2524824627,4578097149.33888,536.2
1,03:45,2026-02-01T08:43:43.632704Z,78758.0676834196,4578045575.58119,507.46
1,03:45,2026-02-01T08:43:48.647451Z,78780.5618275209,4578161263.41918,511.34
1,03:45,2026-02-01T08:43:53.658429Z,78784.2732968239,4578329417.40838,1044.94
1,03:45,2026-02-01T08:43:58.663273Z,78789.6839301956,4578247071.47173,526.57
1,03:45,2026-02-01T08:44:03.668071Z,78780.8512199985,4578334742.58817,514.01
1,03:45,2026-02-01T08:44:08.670040Z,78780.8512212504,4578334380.77874,600.21
1,03:45,2026-02-01T08:44:13.673758Z,78781.6950287505,4578345162.49689,524.1
1,03:45,2026-02-01T08:44:18.683505Z,78782.2409976928,4578373024.57902,524.12
1,03:45,2026-02-01T08:44:23.685816Z,78782.2409976928,4578373024.57902,511.88
1,03:45,2026-02-01T08:44:28.697484Z,78791.8520609671,4578470417.96018,504.81
1,03:45,2026-02-01T08:44:33.707172Z,78792.2856421379,4578433908.69828,534.58
1,03:45,2026-02-01T08:44:38.716806Z,78793.3760919205,4578579032.44091,490.56
1,03:45,2026-02-01T08:44:43.728266Z,78789.1997846521,4578697013.46087,536.13
1,03:45,2026-02-01T08:44:48.740459Z,78789.199783358,4578697594.48593,520.55
1,03:45,2026-02-01T08:44:53.752971Z,78789.197097084,4578697029.33011,517.95
1,03:45,2026-02-01T08:44:58.758510Z,78796.3962385771,4578744151.67283,525.06
1,04:00,2026-02-01T08:45:03.765524Z,78798.2484393348,4578775058.38366,525.42
1,04:00,2026-02-01T08:45:08.767654Z,78793.4651821767,4578987215.51673,506.09
1,04:00,2026-02-01T08:45:13.769674Z,78760.4307159876,4579133008.83076,962.43
1,04:00,2026-02-01T08:45:18.784750Z,78745.1869316825,4579410573.31426,826.22
1,04:00,2026-02-01T08:45:23.795957Z,78762.9895075653,4579261498.83562,525.09
1,04:00,2026-02-01T08:45:28.796752Z,78724.9922595734,4579518859.0295,503.47
1,04:00,2026-02-01T08:45:33.810661Z,78724.0715997891,4579518963.48996,527.24
1,04:00,2026-02-01T08:45:38.821515Z,78737.4784589143,4580083870.82758,515.77
1,04:00,2026-02-01T08:45:43.825043Z,78733.9649647627,4580184292.10522,1791.61
1,04:00,2026-02-01T08:45:48.828404Z,78737.3872938624,4580110484.72001,504.82
1,04:00,2026-02-01T08:45:53.833061Z,78732.016305124,4580345568.51675,539.11
1,04:00,2026-02-01T08:45:58.833188Z,78725.5215247049,4580474424.41468,513.37
1,04:00,2026-02-01T08:46:03.833889Z,78713.7874155195,4580624441.79243,506.58
1,04:00,2026-02-01T08:46:08.835636Z,78725.5215247049,4580474424.42334,536.05
1,04:00,2026-02-01T08:46:13.841400Z,78716.8713727862,4580586767.92309,502.05
1,04:00,2026-02-01T08:46:18.846226Z,78713.8282598772,4580624266.22027,488.42
1,04:00,2026-02-01T08:46:23.851992Z,78691.6013776703,4581721250.8733,499.85
1,04:00,2026-02-01T08:46:28.861106Z,78688.344270463,4581690895.17015,502.87
1,04:00,2026-02-01T08:46:33.864869Z,78709.7128769941,4581800539.34738,508.73
1,04:00,2026-02-01T08:46:38.879447Z,78700.4174728897,4581776543.82281,525.45
1,04:00,2026-02-01T08:46:43.889081Z,78710.5291228378,4581808429.06113,537.69
1,04:00,2026-02-01T08:46:48.904098Z,78718.0679942732,4581909412.03832,541.26
1,04:00,2026-02-01T08:46:53.909441Z,78715.1125698474,4582001938.96834,518.31
1,04:00,2026-02-01T08:46:58.913767Z,78714.276017728,4582115637.11682,530.79
1,04:00,2026-02-01T08:47:03.920532Z,78717.7230721598,4582116111.00696,485.7
1,04:00,2026-02-01T08:47:08.925850Z,78720.4712449347,4582843105.63698,536.35
1,04:00,2026-02-01T08:47:13.926718Z,78723.0255696085,4582775244.97307,1403.53
1,04:00,2026-02-01T08:47:18.938358Z,78717.4115602403,4582872045.45954,494.13
1,04:00,2026-02-01T08:47:23.949816Z,78720.0094209888,4582844625.67759,500.29
1,04:00,2026-02-01T08:47:28.964360Z,78728.3537559203,4582940662.65727,500.33
1,04:00,2026-02-01T08:47:33.975411Z,78742.5814068763,4583124459.95461,498.8
1,04:00,2026-02-01T08:47:38.984240Z,78742.5814068763,4583124459.95461,524.6
1,04:00,2026-02-01T08:47:43.995757Z,78750.9999027311,4583173909.5386,503.07
1,04:00,2026-02-01T08:47:49.003663Z,78746.1303488239,4583239457.51517,512.09
1,04:00,2026-02-01T08:47:54.004020Z,78702.2125862533,4584722247.49156,515.99
1,04:00,2026-02-01T08:47:59.013906Z,78749.5668149957,4583274888.44507,541.43
1,04:00,2026-02-01T08:48:04.029216Z,78739.0228146477,4583781890.55585,592.94
1,04:00,2026-02-01T08:48:09.031563Z,78700.1157990217,4584722417.60346,683.13
1,04:00,2026-02-01T08:48:14.041378Z,78679.6159602706,4585250099.81523,974.44
1,04:00,2026-02-01T08:48:19.052546Z,78682.0585225898,4585277621.25987,523.05
1,04:00,2026-02-01T08:48:24.064807Z,78646.1694711191,4585528347.46383,597.4
1,04:00,2026-02-01T08:48:29.079898Z,78649.8948378837,4585518925.5698,496.9
1,04:00,2026-02-01T08:48:34.081031Z,78617.5379102004,4586109001.63887,514.28
1,04:00,2026-02-01T08:48:39.082259Z,78625.327030691,4586229364.1848,525.88
1,04:00,2026-02-01T08:48:44.097764Z,78617.5379092014,4586109195.98923,486.81
1,04:00,2026-02-01T08:48:49.107987Z,78616.4751804672,4586328541.22884,529.46
1,04:00,2026-02-01T08:48:54.121034Z,78628.9288400231,4586463255.11597,498.22
1,04:00,2026-02-01T08:48:59.121467Z,78633.2217226932,4586501941.99297,501.66
1,04:00,2026-02-01T08:49:04.129892Z,78631.6774060877,4586543142.86439,513.62
1,04:00,2026-02-01T08:49:09.138495Z,78633.9000015108,4586506186.03758,508.03
1,04:00,2026-02-01T08:49:14.142658Z,78634.7315608116,4586870761.40497,489.69
1,04:00,2026-02-01T08:49:19.151726Z,78630.0756993685,4586830121.76587,512.73
1,04:00,2026-02-01T08:49:24.152610Z,78640.338528855,4586909353.65321,512.89
1,04:00,2026-02-01T08:49:29.167250Z,78640.3412148115,4586909430.89475,517.5
1,04:00,2026-02-01T08:49:34.176080Z,78640.4083589567,4586934707.7004,508.3
1,04:00,2026-02-01T08:49:39.188713Z,78640.4083589356,4586934715.88799,506.46
1,04:00,2026-02-01T08:49:44.198277Z,78642.9524310743,4586961441.31882,727.87
1,04:00,2026-02-01T08:49:49.205093Z,78637.2465094386,4587051104.93946,501.67
1,04:00,2026-02-01T08:49:54.205890Z,78629.4692479101,4587149366.38481,517.34
1,04:00,2026-02-01T08:49:59.217378Z,78605.7847946803,4587295888.98397,525.23
1,04:00,2026-02-01T08:50:04.223799Z,78605.7772834922,4587295637.86449,531.85
1,04:00,2026-02-01T08:50:09.228856Z,78628.8261903288,4587519805.27432,547.87
1,04:00,2026-02-01T08:50:14.236441Z,78605.7847946803,4587295888.98397,509.76
1,04:00,2026-02-01T08:50:19.241082Z,78627.4497368562,4587602918.71642,520.03
1,04:00,2026-02-01T08:50:24.246616Z,78624.5165595248,4587622179.2777,530.74
1,04:00,2026-02-01T08:50:29.262545Z,78615.6735213671,4587684310.57897,538.64
1,04:00,2026-02-01T08:50:34.277514Z,78630.8318585571,4587810616.62106,496.61
1,04:00,2026-02-01T08:50:39.293262Z,78629.9212937778,4587810616.61241,496.21
1,04:00,2026-02-01T08:50:44.296674Z,78630.8318585319,4587810624.99456,537.29
1,04:00,2026-02-01T08:50:49.305951Z,78661.0850518865,4588058240.47665,554.06
1,04:00,2026-02-01T08:50:54.306328Z,78658.8886026377,4588056307.22587,514.45
1,04:00,2026-02-01T08:50:59.308389Z,78658.4088165803,4588087655.46814,524.71
1,04:00,2026-02-01T08:51:04.321331Z,78657.6423886801,4588190724.3994,549.74
1,04:00,2026-02-01T08:51:09.336942Z,78654.3431021302,4588289401.12997,509.45
1,04:00,2026-02-01T08:51:14.347363Z,78654.2652400463,4588269736.68316,510.29
1,04:00,2026-02-01T08:51:19.359978Z,78657.9934609577,4588343388.80516,1236.48
1,04:00,2026-02-01T08:51:24.366781Z,78669.0056260754,4588532050.34991,570.07
1,04:00,2026-02-01T08:51:29.375776Z,78673.2509255504,4588594851.98836,1158.77
1,04:00,2026-02-01T08:51:34.388176Z,78680.1102033958,4588618021.00253,509.37
1,04:00,2026-02-01T08:51:39.389292Z,78676.8771970368,4588647325.6009,502.79
1,04:00,2026-02-01T08:51:44.390079Z,78676.8723944212,4588851588.94281,530.55
1,04:00,2026-02-01T08:51:49.400646Z,78683.0657402834,4588886874.55182,522.75
1,04:00,2026-02-01T08:51:54.415599Z,78683.3886639901,4588934017.42032,514.06
1,04:00,2026-02-01T08:51:59.428440Z,78684.3294772478,4588914323.03331,544.7
1,04:00,2026-02-01T08:52:04.440957Z,78690.6285090656,4588960048.41864,545.37
1,04:00,2026-02-01T08:52:09.448502Z,78674.2111598233,4589246603.07286,517.03
1,04:00,2026-02-01T08:52:14.458442Z,78619.3085705394,4589475951.20989,565.33
1,04:00,2026-02-01T08:52:19.465657Z,78621.1368241551,4589505048.82963,502.4
1,04:00,2026-02-01T08:52:24.470663Z,78615.8392277349,4589647494.02379,510.63
1,04:00,2026-02-01T08:52:29.481265Z,78632.262961762,4589791761.56394,524.6
1,04:00,2026-02-01T08:52:34.495004Z,78619.276879476,4589715702.64615,504.18
1,04:00,2026-02-01T08:52:39.509164Z,78632.4776191961,4589961390.34266,505.49
1,04:00,2026-02-01T08:52:44.521102Z,78632.4776194397,4589961696.25451,530.86
1,04:00,2026-02-01T08:52:49.536120Z,78632.5248657833,4589967944.7895,504.76
1,04:00,2026-02-01T08:52:54.546125Z,78635.4349963661,4589999396.91966,497.8
1,04:00,2026-02-01T08:52:59.553673Z,78629.9664138284,4590135494.20429,516.02
1,04:00,2026-02-01T08:53:04.559606Z,78629.9664139263,4590133835.01942,543.54
1,04:00,2026-02-01T08:53:09.560210Z,78629.9664139263,4590133835.01942,505.67
1,04:00,2026-02-01T08:53:14.568235Z,78629.9664141309,4590134582.8904,542.55
1,04:00,2026-02-01T08:53:19.581745Z,78654.6873829031,4590434353.03481,1087.41
1,04:00,2026-02-01T08:53:24.585913Z,78654.6873829031,4590434353.04346,530.6
1,04:00,2026-02-01T08:53:29.590783Z,78660.7456013929,4590484235.09496,519.24
1,04:00,2026-02-01T08:53:34.600649Z,78660.7429139672,4590484446.34554,527.38
1,04:00,2026-02-01T08:53:39.610506Z,78638.9167340648,4590644415.16909,1056.3
1,04:00,2026-02-01T08:53:44.623454Z,78622.2045644623,4590711944.24888,513.85
1,04:00,2026-02-01T08:53:49.637620Z,78629.0408990385,4590682193.84561,524.6
1,04:00,2026-02-01T08:53:54.643356Z,78599.0656207247,4590940543.10213,503.41
1,04:00,2026-02-01T08:53:59.649235Z,78581.044504456,4591137364.00433,526.8
1,04:00,2026-02-01T08:54:04.654502Z,78579.3298491315,4591162952.41397,554.16
1,04:00,2026-02-01T08:54:09.660936Z,78580.0441693165,4591301200.93457,526.43
1,04:00,2026-02-01T08:54:14.670928Z,78571.7056352695,4591225253.97878,509.21
1,04:00,2026-02-01T08:54:19.676541Z,78587.5285453137,4591363934.18105,511.22
1,04:00,2026-02-01T08:54:24.683899Z,78584.1253857295,4591422059.30179,505.59
1,04:00,2026-02-01T08:54:29.690574Z,78569.927326577,4591654730.46107,513.05
1,04:00,2026-02-01T08:54:34.697390Z,78576.2390028239,4591638324.17187,508.46
1,04:00,2026-02-01T08:54:39.699888Z,78562.4890245921,4591706737.92923,507.25
1,04:00,2026-02-01T08:54:44.708131Z,78559.2909346988,4591756668.74208,530.09
1,04:00,2026-02-01T08:54:49.720076Z,78556.4617512914,4591773478.61334,513.63
1,04:00,2026-02-01T08:54:54.735559Z,78554.3640909442,4591944251.42895,526.93
1,04:00,2026-02-01T08:54:59.738226Z,78556.1553133473,4591968272.65746,509.95
1,04:00,2026-02-01T08:55:04.746923Z,78556.9605330016,4591819101.86584,516.3
1,04:00,2026-02-01T08:55:09.758992Z,78554.773662657,4591978758.13616,526.45
1,04:00,2026-02-01T08:55:14.771422Z,78536.1938928287,4592242789.1974,1055.45
1,04:00,2026-02-01T08:55:19.784908Z,78536.1938928287,4592242789.1974,542.74
1,04:00,2026-02-01T08:55:24.797197Z,78523.3455510707,4592782770.91909,507.58
1,04:00,2026-02-01T08:55:29.801204Z,78513.598473483,4592835662.25877,505.32
1,04:00,2026-02-01T08:55:34.808877Z,78509.0348405364,4592876352.66062,673.16
1,04:00,2026-02-01T08:55:39.811123Z,78509.1345219728,4592874998.92228,490.69
1,04:00,2026-02-01T08:55:44.824718Z,78511.5369669495,4592849097.71788,522.6
1,04:00,2026-02-01T08:55:49.884191Z,78504.6586168248,4592993391.01297,527.59
1,04:00,2026-02-01T08:55:54.893796Z,78503.9228526714,4592993776.81189,509.64
1,04:00,2026-02-01T08:55:59.912377Z,78506.2569763414,4593262823.56632,521.61
1,04:00,2026-02-01T08:56:04.927966Z,78506.2529091495,4593263919.25401,485.7
1,04:00,2026-02-01T08:56:09.943556Z,78506.2569918909,4593265007.75563,499.66
1,04:00,2026-02-01T08:56:14.959146Z,78506.2569899388,4593275144.19764,513.63
1,04:00,2026-02-01T08:56:19.968753Z,78507.5466706165,4593304101.57241,498.66
1,04:00,2026-02-01T08:56:24.971751Z,78527.2832175425,4593616792.32434,489.69
1,04:00,2026-02-01T08:56:29.979930Z,78527.5249183156,4593617481.7666,520.3
1,04:00,2026-02-01T08:56:34.980428Z,78525.6278940694,4593688369.10343,533.93
1,04:00,2026-02-01T08:56:39.994383Z,78525.6278940694,4593688369.10343,522.76
1,04:00,2026-02-01T08:56:45.000091Z,78529.3297389346,4593633913.96982,516.41
1,04:00,2026-02-01T08:56:50.012858Z,78528.0077742997,4593790513.34,520.8
1,04:00,2026-02-01T08:56:55.025786Z,78530.9683443348,4593871415.21706,505.23
1,04:00,2026-02-01T08:57:00.030512Z,78533.1775883939,4593902122.04423,516.98
1,04:00,2026-02-01T08:57:05.045045Z,78541.0837481784,4593934959.43397,529.58
1,04:00,2026-02-01T08:57:10.050824Z,78538.3422973164,4594031943.06757,507.38
1,04:00,2026-02-01T08:57:15.057785Z,78539.0894795108,4594059313.76919,517.99
1,04:00,2026-02-01T08:57:20.060774Z,78534.1905707768,4594203926.02833,683.99
1,04:00,2026-02-01T08:57:25.062505Z,78526.6592508499,4594218061.16279,532.67
1,04:00,2026-02-01T08:57:30.077911Z,78534.1905707768,4594203926.02833,606.08
1,04:00,2026-02-01T08:57:35.088315Z,78527.1414384546,4594277982.48728,504.9
1,04:00,2026-02-01T08:57:40.093033Z,78529.3019344859,4594290928.36453,494.89
1,04:00,2026-02-01T08:57:45.095628Z,78529.2978463126,4594291295.78242,585.43
1,04:00,2026-02-01T08:57:50.109547Z,78528.9112141263,4594290705.75692,533.57
1,04:00,2026-02-01T08:57:55.120223Z,78518.6452103246,4594367091.51425,493.88
1,04:00,2026-02-01T08:58:00.129874Z,78519.0794054108,4594386749.10435,524.11
1,04:00,2026-02-01T08:58:05.132383Z,78503.0566855003,4594478182.89385,509.78
1,04:00,2026-02-01T08:58:10.135935Z,78502.4817949568,4594478182.91112,506.42
1,04:00,2026-02-01T08:58:15.145617Z,78503.0566855002,4594478182.90248,500.85
1,04:00,2026-02-01T08:58:20.156774Z,78501.7960392297,4594943150.56306,558.51
1,04:00,2026-02-01T08:58:25.158631Z,78508.2865272611,4595062693.6034,1476.68
1,04:00,2026-02-01T08:58:30.163549Z,78498.744355567,4594793796.14985,519.11
1,04:00,2026-02-01T08:58:35.178898Z,78510.1171657663,4595082043.7963,507.97
1,04:00,2026-02-01T08:58:40.183282Z,78509.9884505825,4595098847.22032,690.14
1,04:00,2026-02-01T08:58:45.194456Z,78523.8809678847,4595362703.3999,519.79
1,04:00,2026-02-01T08:58:50.205786Z,78533.1057783315,4595494209.30951,522.31
1,04:00,2026-02-01T08:58:55.216940Z,78533.210282163,4595496612.75803,514.24
1,04:00,2026-02-01T08:59:00.228180Z,78526.4584182047,4595816125.08487,524.37
1,04:00,2026-02-01T08:59:05.229161Z,78536.7281023522,4595523523.5985,477.18
1,04:00,2026-02-01T08:59:10.237550Z,78531.4755468579,4595579923.1971,553.52
1,04:00,2026-02-01T08:59:15.249173Z,78527.9010083079,4595832432.78789,489.31
1,04:00,2026-02-01T08:59:20.257550Z,78528.6008507817,4596065774.5526,518.71
1,04:00,2026-02-01T08:59:25.268564Z,78528.7349722179,4596064607.71317,535.77
1,04:00,2026-02-01T08:59:30.281770Z,78528.600834169,4596070306.62722,524.39
1,04:00,2026-02-01T08:59:35.287064Z,78528.6008511357,4596065677.97445,491.69
1,04:00,2026-02-01T08:59:40.295795Z,78528.6008339289,4596070372.1194,508.64
1,04:00,2026-02-01T08:59:45.303787Z,78533.1614411106,4596144736.12544,499.46
1,04:00,2026-02-01T08:59:50.317395Z,78539.4241195574,4596199572.79545,525.35
1,04:00,2026-02-01T08:59:55.320728Z,78539.2655910468,4596198953.23443,494.86
1,04:15,2026-02-01T09:00:00.328767Z,78539.2655910468,4596198953.23443,544.66
1,04:15,2026-02-01T09:00:05.335285Z,78559.019704534,4520021983.71692,5424.88
1,04:15,2026-02-01T09:00:10.762162Z,78536.8722252739,4596681756.21072,510.9
1,04:15,2026-02-01T09:00:15.765177Z,78536.8722252739,4596681756.21072,1355.64
1,04:15,2026-02-01T09:00:20.779845Z,78559.3126721234,4520042027.98341,538.47
1,04:15,2026-02-01T09:00:25.783167Z,78558.983254119,4520041537.50507,522.94
1,04:15,2026-02-01T09:00:30.796219Z,78543.6459670051,4520494725.69328,549.41
1,04:15,2026-02-01T09:00:35.801110Z,78543.0667197532,4520624844.53191,508.58
1,04:15,2026-02-01T09:00:40.812864Z,78545.6561799139,4520493491.79884,523.38
1,04:15,2026-02-01T09:00:45.822509Z,78544.994564471,4520715814.03148,532.32
1,04:15,2026-02-01T09:00:50.826879Z,78506.6695976111,4521249088.3487,522.22
1,04:15,2026-02-01T09:00:55.831737Z,78506.1578220991,4521249103.26356,521.98
1,04:15,2026-02-01T09:01:00.839422Z,78506.784050986,4521233115.35969,553.48
1,04:15,2026-02-01T09:01:05.841671Z,78509.9567009337,4521353440.20111,673.57
1,04:15,2026-02-01T09:01:10.849834Z,78505.3538513318,4521283556.40088,513.63
1,04:15,2026-02-01T09:01:15.860069Z,78490.7620656874,4521645019.98176,520.61
1,04:15,2026-02-01T09:01:20.862085Z,78499.0679597205,4521442402.31529,511.63
1,04:15,2026-02-01T09:01:25.876096Z,78487.9678263382,4521787950.10151,537.83
1,04:15,2026-02-01T09:01:30.881569Z,78496.0257091829,4521886380.93749,493.68
1,04:15,2026-02-01T09:01:35.884848Z,78487.9678258833,4521788047.28821,516.62
1,04:15,2026-02-01T09:01:40.896665Z,78533.8361219075,4522098009.47506,509.64
1,04:15,2026-02-01T09:01:45.903536Z,78522.6742367514,4522078253.68713,512.6
1,04:15,2026-02-01T09:01:50.916680Z,78531.12081258,4522280473.82766,515.11
1,04:15,2026-02-01T09:01:55.931130Z,78534.4844927952,4522331369.26293,499.81
1,04:15,2026-02-01T09:02:00.947126Z,78540.863399965,4522369986.34452,504.74
1,04:15,2026-02-01T09:02:05.954260Z,78542.3318139212,4522370126.46024,520.82
1,04:15,2026-02-01T09:02:10.959364Z,78540.16420009,4522478224.76264,526.53
1,04:15,2026-02-01T09:02:15.964657Z,78539.6699996794,4522457821.30427,1287.11
1,04:15,2026-02-01T09:02:20.976432Z,78523.3077083199,4522648974.82246,535.77
1,04:15,2026-02-01T09:02:25.990418Z,78505.7196166729,4522739828.99662,508.38
1,04:15,2026-02-01T09:02:31.000793Z,78500.6504762591,4522815676.40788,536.39
1,04:15,2026-02-01T09:02:36.015763Z,78500.6401616283,4522816235.5306,516.48
1,04:15,2026-02-01T09:02:41.018114Z,78514.2637031164,4523001052.14667,503.1
1,04:15,2026-02-01T09:02:46.028506Z,78521.2906788696,4523156512.72345,539.51
1,04:15,2026-02-01T09:02:51.030110Z,78523.1026257928,4523180939.80795,527.36
1,04:15,2026-02-01T09:02:56.041319Z,78521.4802142547,4523156557.77275,509.22
1,04:15,2026-02-01T09:03:01.046133Z,78521.2803673823,4523156513.89946,511.42
1,04:15,2026-02-01T09:03:06.047673Z,78522.9170241191,4523233296.83767,508.29
1,04:15,2026-02-01T09:03:11.053817Z,78537.4885057922,4523336823.82474,529.49
1,04:15,2026-02-01T09:03:16.059435Z,78540.0791407523,4523377070.8525,724.14
1,04:15,2026-02-01T09:03:21.074469Z,78536.0509210318,4523431145.59395,488.67
1,04:15,2026-02-01T09:03:26.082673Z,78536.9062792623,4523463074.40494,486.78
1,04:15,2026-02-01T09:03:31.083846Z,78539.962077258,4523521896.93906,548.94
1,04:15,2026-02-01T09:03:36.098113Z,78536.9422836713,4523479291.63422,1340.63
1,04:15,2026-02-01T09:03:41.112463Z,78536.9449847583,4523479282.13682,588.78
1,04:15,2026-02-01T09:03:46.124510Z,78543.2690675762,4523524170.76873,629.35
1,04:15,2026-02-01T09:03:51.133821Z,78543.2690663762,4523524649.74693,641.72
1,04:15,2026-02-01T09:03:56.142920Z,78571.793555785,4523649252.97974,723.07
1,04:15,2026-02-01T09:04:01.146541Z,78571.9826255488,4523649252.98838,543.55
1,04:15,2026-02-01T09:04:06.177090Z,78571.9826255488,4523649252.98838,516.62
1,04:15,2026-02-01T09:04:11.178425Z,78572.8113631313,4523677926.65815,504.64
1,04:15,2026-02-01T09:04:16.184031Z,78597.4883544813,4523800607.13868,517.62
1,04:15,2026-02-01T09:04:21.190661Z,78604.6933363066,4524016262.11457,513.63
1,04:15,2026-02-01T09:04:26.194209Z,78659.0523496858,4530764184.80855,952.22
1,04:15,2026-02-01T09:04:31.201490Z,78665.0713474933,4530794970.62821,533.77
1,04:15,2026-02-01T09:04:36.203912Z,78665.3516930106,4530794371.7391,521.04
1,04:15,2026-02-01T09:04:41.212967Z,78668.6354045014,4530848708.27708,538.56
1,04:15,2026-02-01T09:04:46.228121Z,78679.6587580924,4531183526.76473,548.53
1,04:15,2026-02-01T09:04:51.240692Z,78681.7479052515,4531195552.86001,503.65
1,04:15,2026-02-01T09:04:56.255052Z,78685.9757986101,4531250897.95513,512.63
1,04:15,2026-02-01T09:05:01.268676Z,78671.6357071796,4531580477.11732,527.94
1,04:15,2026-02-01T09:05:06.277466Z,78687.0915762748,4531919820.34625,491.44
